Date,QLD,NAT
2011-01-14,217,439
2011-01-15,217,439
2011-01-16,217,439
2011-01-17,217,439
2011-01-18,217,439
2011-01-19,217,439
2011-01-20,217,439
2011-01-21,217,439
2011-01-22,217,439
2011-01-23,217,439
2011-01-24,217,439
2011-01-25,217,439
2011-01-26,217,439
2011-01-27,217,439
2011-01-28,199,375
2011-01-29,199,375
2011-01-30,199,375
2011-01-31,199,375
2011-02-01,199,375
2011-02-02,199,375
2011-02-03,199,375
2011-02-04,199,375
2011-02-05,199,375
2011-02-06,199,375
2011-02-07,199,375
2011-02-08,199,375
2011-02-09,199,375
2011-02-10,199,375
2011-02-11,165,368
2011-02-12,165,368
2011-02-13,165,368
2011-02-14,165,368
2011-02-15,165,368
2011-02-16,165,368
2011-02-17,165,368
2011-02-18,165,368
2011-02-19,165,368
2011-02-20,165,368
2011-02-21,165,368
2011-02-22,165,368
2011-02-23,165,368
2011-02-24,165,368
2011-02-25,197,769
2011-02-26,197,769
2011-02-27,197,769
2011-02-28,197,769
2011-03-01,197,769
2011-03-02,197,769
2011-03-03,197,769
2011-03-04,197,769
2011-03-05,197,769
2011-03-06,197,769
2011-03-07,197,769
2011-03-08,197,769
2011-03-09,197,769
2011-03-10,197,769
2011-03-11,220,466
2011-03-12,220,466
2011-03-13,220,466
2011-03-14,220,466
2011-03-15,220,466
2011-03-16,220,466
2011-03-17,220,466
2011-03-18,220,466
2011-03-19,220,466
2011-03-20,220,466
2011-03-21,220,466
2011-03-22,220,466
2011-03-23,220,466
2011-03-24,220,466
2011-03-25,203,381
2011-03-26,203,381
2011-03-27,203,381
2011-03-28,203,381
2011-03-29,203,381
2011-03-30,203,381
2011-03-31,203,381
2011-04-01,203,381
2011-04-02,203,381
2011-04-03,203,381
2011-04-04,203,381
2011-04-05,203,381
2011-04-06,203,381
2011-04-07,203,381
2011-04-08,206,364
2011-04-09,206,364
2011-04-10,206,364
2011-04-11,206,364
2011-04-12,206,364
2011-04-13,206,364
2011-04-14,206,364
2011-04-15,206,364
2011-04-16,206,364
2011-04-17,206,364
2011-04-18,206,364
2011-04-19,206,364
2011-04-20,206,364
2011-04-21,206,364
2011-04-22,165,287
2011-04-23,165,287
2011-04-24,165,287
2011-04-25,165,287
2011-04-26,165,287
2011-04-27,165,287
2011-04-28,165,287
2011-04-29,165,287
2011-04-30,165,287
2011-05-01,165,287
2011-05-02,165,287
2011-05-03,165,287
2011-05-04,165,287
2011-05-05,165,287
2011-05-06,112,236
2011-05-07,112,236
2011-05-08,112,236
2011-05-09,112,236
2011-05-10,112,236
2011-05-11,112,236
2011-05-12,112,236
2011-05-13,112,236
2011-05-14,112,236
2011-05-15,112,236
2011-05-16,112,236
2011-05-17,112,236
2011-05-18,112,236
2011-05-19,112,236
2011-05-20,114,264
2011-05-21,114,264
2011-05-22,114,264
2011-05-23,114,264
2011-05-24,114,264
2011-05-25,114,264
2011-05-26,114,264
2011-05-27,114,264
2011-05-28,114,264
2011-05-29,114,264
2011-05-30,114,264
2011-05-31,114,264
2011-06-01,114,264
2011-06-02,114,264
2011-06-03,185,484
2011-06-04,185,484
2011-06-05,185,484
2011-06-06,185,484
2011-06-07,185,484
2011-06-08,185,484
2011-06-09,185,484
2011-06-10,185,484
2011-06-11,185,484
2011-06-12,185,484
2011-06-13,185,484
2011-06-14,185,484
2011-06-15,185,484
2011-06-16,185,484
2011-06-17,302,720
2011-06-18,302,720
2011-06-19,302,720
2011-06-20,302,720
2011-06-21,302,720
2011-06-22,302,720
2011-06-23,302,720
2011-06-24,302,720
2011-06-25,302,720
2011-06-26,302,720
2011-06-27,302,720
2011-06-28,302,720
2011-06-29,302,720
2011-06-30,302,720
2011-07-01,602,1283
2011-07-02,602,1283
2011-07-03,602,1283
2011-07-04,602,1283
2011-07-05,602,1283
2011-07-06,602,1283
2011-07-07,602,1283
2011-07-08,602,1283
2011-07-09,602,1283
2011-07-10,602,1283
2011-07-11,602,1283
2011-07-12,602,1283
2011-07-13,602,1283
2011-07-14,602,1283
2011-07-15,754,1840
2011-07-16,754,1840
2011-07-17,754,1840
2011-07-18,754,1840
2011-07-19,754,1840
2011-07-20,754,1840
2011-07-21,754,1840
2011-07-22,754,1840
2011-07-23,754,1840
2011-07-24,754,1840
2011-07-25,754,1840
2011-07-26,754,1840
2011-07-27,754,1840
2011-07-28,754,1840
2011-07-29,1782,3201
2011-07-30,1782,3201
2011-07-31,1782,3201
2011-08-01,1782,3201
2011-08-02,1782,3201
2011-08-03,1782,3201
2011-08-04,1782,3201
2011-08-05,1782,3201
2011-08-06,1782,3201
2011-08-07,1782,3201
2011-08-08,1782,3201
2011-08-09,1782,3201
2011-08-10,1782,3201
2011-08-11,1782,3201
2011-08-12,1732,3361
2011-08-13,1732,3361
2011-08-14,1732,3361
2011-08-15,1732,3361
2011-08-16,1732,3361
2011-08-17,1732,3361
2011-08-18,1732,3361
2011-08-19,1732,3361
2011-08-20,1732,3361
2011-08-21,1732,3361
2011-08-22,1732,3361
2011-08-23,1732,3361
2011-08-24,1732,3361
2011-08-25,1732,3361
2011-08-26,1535,3296
2011-08-27,1535,3296
2011-08-28,1535,3296
2011-08-29,1535,3296
2011-08-30,1535,3296
2011-08-31,1535,3296
2011-09-01,1535,3296
2011-09-02,1535,3296
2011-09-03,1535,3296
2011-09-04,1535,3296
2011-09-05,1535,3296
2011-09-06,1535,3296
2011-09-07,1535,3296
2011-09-08,1535,3296
2011-09-09,882,2585
2011-09-10,882,2585
2011-09-11,882,2585
2011-09-12,882,2585
2011-09-13,882,2585
2011-09-14,882,2585
2011-09-15,882,2585
2011-09-16,882,2585
2011-09-17,882,2585
2011-09-18,882,2585
2011-09-19,882,2585
2011-09-20,882,2585
2011-09-21,882,2585
2011-09-22,882,2585
2011-09-23,561,2066
2011-09-24,561,2066
2011-09-25,561,2066
2011-09-26,561,2066
2011-09-27,561,2066
2011-09-28,561,2066
2011-09-29,561,2066
2011-09-30,561,2066
2011-10-01,561,2066
2011-10-02,561,2066
2011-10-03,561,2066
2011-10-04,561,2066
2011-10-05,561,2066
2011-10-06,561,2066
2011-10-07,270,1164
2011-10-08,270,1164
2011-10-09,270,1164
2011-10-10,270,1164
2011-10-11,270,1164
2011-10-12,270,1164
2011-10-13,270,1164
2011-10-14,270,1164
2011-10-15,270,1164
2011-10-16,270,1164
2011-10-17,270,1164
2011-10-18,270,1164
2011-10-19,270,1164
2011-10-20,270,1164
2011-10-21,370,1057
2011-10-22,370,1057
2011-10-23,370,1057
2011-10-24,370,1057
2011-10-25,370,1057
2011-10-26,370,1057
2011-10-27,370,1057
2011-10-28,370,1057
2011-10-29,370,1057
2011-10-30,370,1057
2011-10-31,370,1057
2011-11-01,370,1057
2011-11-02,370,1057
2011-11-03,370,1057
2011-11-04,205,597
2011-11-05,205,597
2011-11-06,205,597
2011-11-07,205,597
2011-11-08,205,597
2011-11-09,205,597
2011-11-10,205,597
2011-11-11,205,597
2011-11-12,205,597
2011-11-13,205,597
2011-11-14,205,597
2011-11-15,205,597
2011-11-16,205,597
2011-11-17,205,597
2011-11-18,145,442
2011-11-19,145,442
2011-11-20,145,442
2011-11-21,145,442
2011-11-22,145,442
2011-11-23,145,442
2011-11-24,145,442
2011-11-25,145,442
2011-11-26,145,442
2011-11-27,145,442
2011-11-28,145,442
2011-11-29,145,442
2011-11-30,145,442
2011-12-01,145,442
2011-12-02,145,442
2011-12-03,145,442
2011-12-04,145,442
2011-12-05,145,442
2011-12-06,145,442
2011-12-07,145,442
2011-12-08,145,442
2011-12-09,145,442
2011-12-10,145,442
2011-12-11,145,442
2011-12-12,145,442
2011-12-13,145,442
2011-12-14,145,442
2011-12-15,145,442
2011-12-16,145,442
2011-12-17,145,442
2011-12-18,145,442
2011-12-19,145,442
2011-12-20,145,442
2011-12-21,145,442
2011-12-22,145,442
2011-12-23,145,442
2011-12-24,145,442
2011-12-25,145,442
2011-12-26,145,442
2011-12-27,145,442
2011-12-28,145,442
2011-12-29,145,442
2011-12-30,145,442
2011-12-31,145,442
2012-01-01,145,442
2012-01-02,145,442
2012-01-03,145,442
2012-01-04,145,442
2012-01-05,145,442
2012-01-06,145,442
2012-01-07,145,442
2012-01-08,145,442
2012-01-09,145,442
2012-01-10,145,442
2012-01-11,145,442
2012-01-12,145,442
2012-01-13,145,442
2012-01-14,145,442
2012-01-15,145,442
2012-01-16,145,442
2012-01-17,145,442
2012-01-18,145,442
2012-01-19,145,442
2012-01-20,145,442
2012-01-21,145,442
2012-01-22,145,442
2012-01-23,145,442
2012-01-24,145,442
2012-01-25,145,442
2012-01-26,145,442
2012-01-27,145,442
2012-01-28,37,131
2012-01-29,37,131
2012-01-30,37,131
2012-01-31,37,131
2012-02-01,37,131
2012-02-02,37,131
2012-02-03,37,131
2012-02-04,37,131
2012-02-05,37,131
2012-02-06,37,131
2012-02-07,37,131
2012-02-08,37,131
2012-02-09,37,131
2012-02-10,37,131
2012-02-11,51,160
2012-02-12,51,160
2012-02-13,51,160
2012-02-14,51,160
2012-02-15,51,160
2012-02-16,51,160
2012-02-17,51,160
2012-02-18,51,160
2012-02-19,51,160
2012-02-20,51,160
2012-02-21,51,160
2012-02-22,51,160
2012-02-23,51,160
2012-02-24,51,160
2012-02-25,56,151
2012-02-26,56,151
2012-02-27,56,151
2012-02-28,56,151
2012-02-29,56,151
2012-03-01,56,151
2012-03-02,56,151
2012-03-03,56,151
2012-03-04,56,151
2012-03-05,56,151
2012-03-06,56,151
2012-03-07,56,151
2012-03-08,56,151
2012-03-09,56,151
2012-03-10,78,208
2012-03-11,78,208
2012-03-12,78,208
2012-03-13,78,208
2012-03-14,78,208
2012-03-15,78,208
2012-03-16,78,208
2012-03-17,78,208
2012-03-18,78,208
2012-03-19,78,208
2012-03-20,78,208
2012-03-21,78,208
2012-03-22,78,208
2012-03-23,78,208
2012-03-24,77,268
2012-03-25,77,268
2012-03-26,77,268
2012-03-27,77,268
2012-03-28,77,268
2012-03-29,77,268
2012-03-30,77,268
2012-03-31,77,268
2012-04-01,77,268
2012-04-02,77,268
2012-04-03,77,268
2012-04-04,77,268
2012-04-05,77,268
2012-04-06,77,268
2012-04-07,73,278
2012-04-08,73,278
2012-04-09,73,278
2012-04-10,73,278
2012-04-11,73,278
2012-04-12,73,278
2012-04-13,73,278
2012-04-14,73,278
2012-04-15,73,278
2012-04-16,73,278
2012-04-17,73,278
2012-04-18,73,278
2012-04-19,73,278
2012-04-20,73,278
2012-04-21,80,273
2012-04-22,80,273
2012-04-23,80,273
2012-04-24,80,273
2012-04-25,80,273
2012-04-26,80,273
2012-04-27,80,273
2012-04-28,80,273
2012-04-29,80,273
2012-04-30,80,273
2012-05-01,80,273
2012-05-02,80,273
2012-05-03,80,273
2012-05-04,80,273
2012-05-05,88,287
2012-05-06,88,287
2012-05-07,88,287
2012-05-08,88,287
2012-05-09,88,287
2012-05-10,88,287
2012-05-11,88,287
2012-05-12,88,287
2012-05-13,88,287
2012-05-14,88,287
2012-05-15,88,287
2012-05-16,88,287
2012-05-17,88,287
2012-05-18,88,287
2012-05-19,105,305
2012-05-20,105,305
2012-05-21,105,305
2012-05-22,105,305
2012-05-23,105,305
2012-05-24,105,305
2012-05-25,105,305
2012-05-26,105,305
2012-05-27,105,305
2012-05-28,105,305
2012-05-29,105,305
2012-05-30,105,305
2012-05-31,105,305
2012-06-01,105,305
2012-06-02,221,550
2012-06-03,221,550
2012-06-04,221,550
2012-06-05,221,550
2012-06-06,221,550
2012-06-07,221,550
2012-06-08,221,550
2012-06-09,221,550
2012-06-10,221,550
2012-06-11,221,550
2012-06-12,221,550
2012-06-13,221,550
2012-06-14,221,550
2012-06-15,221,550
2012-06-16,370,1197
2012-06-17,370,1197
2012-06-18,370,1197
2012-06-19,370,1197
2012-06-20,370,1197
2012-06-21,370,1197
2012-06-22,370,1197
2012-06-23,370,1197
2012-06-24,370,1197
2012-06-25,370,1197
2012-06-26,370,1197
2012-06-27,370,1197
2012-06-28,370,1197
2012-06-29,370,1197
2012-06-30,700,2721
2012-07-01,700,2721
2012-07-02,700,2721
2012-07-03,700,2721
2012-07-04,700,2721
2012-07-05,700,2721
2012-07-06,700,2721
2012-07-07,700,2721
2012-07-08,700,2721
2012-07-09,700,2721
2012-07-10,700,2721
2012-07-11,700,2721
2012-07-12,700,2721
2012-07-13,700,2721
2012-07-14,1312,5024
2012-07-15,1312,5024
2012-07-16,1312,5024
2012-07-17,1312,5024
2012-07-18,1312,5024
2012-07-19,1312,5024
2012-07-20,1312,5024
2012-07-21,1312,5024
2012-07-22,1312,5024
2012-07-23,1312,5024
2012-07-24,1312,5024
2012-07-25,1312,5024
2012-07-26,1312,5024
2012-07-27,1312,5024
2012-07-28,2331,6500
2012-07-29,2331,6500
2012-07-30,2331,6500
2012-07-31,2331,6500
2012-08-01,2331,6500
2012-08-02,2331,6500
2012-08-03,2331,6500
2012-08-04,2331,6500
2012-08-05,2331,6500
2012-08-06,2331,6500
2012-08-07,2331,6500
2012-08-08,2331,6500
2012-08-09,2331,6500
2012-08-10,2331,6500
2012-08-11,3113,6641
2012-08-12,3113,6641
2012-08-13,3113,6641
2012-08-14,3113,6641
2012-08-15,3113,6641
2012-08-16,3113,6641
2012-08-17,3113,6641
2012-08-18,3113,6641
2012-08-19,3113,6641
2012-08-20,3113,6641
2012-08-21,3113,6641
2012-08-22,3113,6641
2012-08-23,3113,6641
2012-08-24,3113,6641
2012-08-25,3691,6626
2012-08-26,3691,6626
2012-08-27,3691,6626
2012-08-28,3691,6626
2012-08-29,3691,6626
2012-08-30,3691,6626
2012-08-31,3691,6626
2012-09-01,3691,6626
2012-09-02,3691,6626
2012-09-03,3691,6626
2012-09-04,3691,6626
2012-09-05,3691,6626
2012-09-06,3691,6626
2012-09-07,3691,6626
2012-09-08,2288,4328
2012-09-09,2288,4328
2012-09-10,2288,4328
2012-09-11,2288,4328
2012-09-12,2288,4328
2012-09-13,2288,4328
2012-09-14,2288,4328
2012-09-15,2288,4328
2012-09-16,2288,4328
2012-09-17,2288,4328
2012-09-18,2288,4328
2012-09-19,2288,4328
2012-09-20,2288,4328
2012-09-21,2288,4328
2012-09-22,1065,2496
2012-09-23,1065,2496
2012-09-24,1065,2496
2012-09-25,1065,2496
2012-09-26,1065,2496
2012-09-27,1065,2496
2012-09-28,1065,2496
2012-09-29,1065,2496
2012-09-30,1065,2496
2012-10-01,1065,2496
2012-10-02,1065,2496
2012-10-03,1065,2496
2012-10-04,1065,2496
2012-10-05,1065,2496
2012-10-06,424,1312
2012-10-07,424,1312
2012-10-08,424,1312
2012-10-09,424,1312
2012-10-10,424,1312
2012-10-11,424,1312
2012-10-12,424,1312
2012-10-13,424,1312
2012-10-14,424,1312
2012-10-15,424,1312
2012-10-16,424,1312
2012-10-17,424,1312
2012-10-18,424,1312
2012-10-19,424,1312
2012-10-20,238,686
2012-10-21,238,686
2012-10-22,238,686
2012-10-23,238,686
2012-10-24,238,686
2012-10-25,238,686
2012-10-26,238,686
2012-10-27,238,686
2012-10-28,238,686
2012-10-29,238,686
2012-10-30,238,686
2012-10-31,238,686
2012-11-01,238,686
2012-11-02,238,686
2012-11-03,167,519
2012-11-04,167,519
2012-11-05,167,519
2012-11-06,167,519
2012-11-07,167,519
2012-11-08,167,519
2012-11-09,167,519
2012-11-10,167,519
2012-11-11,167,519
2012-11-12,167,519
2012-11-13,167,519
2012-11-14,167,519
2012-11-15,167,519
2012-11-16,167,519
2012-11-17,112,416
2012-11-18,112,416
2012-11-19,112,416
2012-11-20,112,416
2012-11-21,112,416
2012-11-22,112,416
2012-11-23,112,416
2012-11-24,112,416
2012-11-25,112,416
2012-11-26,112,416
2012-11-27,112,416
2012-11-28,112,416
2012-11-29,112,416
2012-11-30,112,416
2012-12-01,80,376
2012-12-02,80,376
2012-12-03,80,376
2012-12-04,80,376
2012-12-05,80,376
2012-12-06,80,376
2012-12-07,80,376
2012-12-08,80,376
2012-12-09,80,376
2012-12-10,80,376
2012-12-11,80,376
2012-12-12,80,376
2012-12-13,80,376
2012-12-14,80,376
2012-12-15,80,376
2012-12-16,80,376
2012-12-17,80,376
2012-12-18,80,376
2012-12-19,80,376
2012-12-20,80,376
2012-12-21,80,376
2012-12-22,80,376
2012-12-23,80,376
2012-12-24,80,376
2012-12-25,80,376
2012-12-26,80,376
2012-12-27,80,376
2012-12-28,80,376
2012-12-29,52,271
2012-12-30,52,271
2012-12-31,52,271
2013-01-01,52,271
2013-01-02,52,271
2013-01-03,52,271
2013-01-04,52,271
2013-01-05,52,271
2013-01-06,52,271
2013-01-07,52,271
2013-01-08,52,271
2013-01-09,52,271
2013-01-10,52,271
2013-01-11,52,271
2013-01-12,52,271
2013-01-13,52,271
2013-01-14,69,243
2013-01-15,69,243
2013-01-16,69,243
2013-01-17,69,243
2013-01-18,69,243
2013-01-19,69,243
2013-01-20,69,243
2013-01-21,69,243
2013-01-22,69,243
2013-01-23,69,243
2013-01-24,69,243
2013-01-25,69,243
2013-01-26,69,243
2013-01-27,69,243
2013-01-28,121,285
2013-01-29,121,285
2013-01-30,121,285
2013-01-31,121,285
2013-02-01,121,285
2013-02-02,121,285
2013-02-03,121,285
2013-02-04,121,285
2013-02-05,121,285
2013-02-06,121,285
2013-02-07,121,285
2013-02-08,121,285
2013-02-09,121,285
2013-02-10,121,285
2013-02-11,116,334
2013-02-12,116,334
2013-02-13,116,334
2013-02-14,116,334
2013-02-15,116,334
2013-02-16,116,334
2013-02-17,116,334
2013-02-18,116,334
2013-02-19,116,334
2013-02-20,116,334
2013-02-21,116,334
2013-02-22,116,334
2013-02-23,116,334
2013-02-24,116,334
2013-02-25,118,328
2013-02-26,118,328
2013-02-27,118,328
2013-02-28,118,328
2013-03-01,118,328
2013-03-02,118,328
2013-03-03,118,328
2013-03-04,118,328
2013-03-05,118,328
2013-03-06,118,328
2013-03-07,118,328
2013-03-08,118,328
2013-03-09,118,328
2013-03-10,118,328
2013-03-11,132,366
2013-03-12,132,366
2013-03-13,132,366
2013-03-14,132,366
2013-03-15,132,366
2013-03-16,132,366
2013-03-17,132,366
2013-03-18,132,366
2013-03-19,132,366
2013-03-20,132,366
2013-03-21,132,366
2013-03-22,132,366
2013-03-23,132,366
2013-03-24,132,366
2013-03-25,162,429
2013-03-26,162,429
2013-03-27,162,429
2013-03-28,162,429
2013-03-29,162,429
2013-03-30,162,429
2013-03-31,162,429
2013-04-01,162,429
2013-04-02,162,429
2013-04-03,162,429
2013-04-04,162,429
2013-04-05,162,429
2013-04-06,162,429
2013-04-07,162,429
2013-04-08,112,330
2013-04-09,112,330
2013-04-10,112,330
2013-04-11,112,330
2013-04-12,112,330
2013-04-13,112,330
2013-04-14,112,330
2013-04-15,112,330
2013-04-16,112,330
2013-04-17,112,330
2013-04-18,112,330
2013-04-19,112,330
2013-04-20,112,330
2013-04-21,112,330
2013-04-22,126,322
2013-04-23,126,322
2013-04-24,126,322
2013-04-25,126,322
2013-04-26,126,322
2013-04-27,126,322
2013-04-28,126,322
2013-04-29,126,322
2013-04-30,126,322
2013-05-01,126,322
2013-05-02,126,322
2013-05-03,126,322
2013-05-04,126,322
2013-05-05,126,322
2013-05-06,82,218
2013-05-07,82,218
2013-05-08,82,218
2013-05-09,82,218
2013-05-10,82,218
2013-05-11,82,218
2013-05-12,82,218
2013-05-13,82,218
2013-05-14,82,218
2013-05-15,82,218
2013-05-16,82,218
2013-05-17,82,218
2013-05-18,82,218
2013-05-19,82,218
2013-05-20,84,275
2013-05-21,84,275
2013-05-22,84,275
2013-05-23,84,275
2013-05-24,84,275
2013-05-25,84,275
2013-05-26,84,275
2013-05-27,84,275
2013-05-28,84,275
2013-05-29,84,275
2013-05-30,84,275
2013-05-31,84,275
2013-06-01,84,275
2013-06-02,84,275
2013-06-03,116,374
2013-06-04,116,374
2013-06-05,116,374
2013-06-06,116,374
2013-06-07,116,374
2013-06-08,116,374
2013-06-09,116,374
2013-06-10,116,374
2013-06-11,116,374
2013-06-12,116,374
2013-06-13,116,374
2013-06-14,116,374
2013-06-15,116,374
2013-06-16,116,374
2013-06-17,90,365
2013-06-18,90,365
2013-06-19,90,365
2013-06-20,90,365
2013-06-21,90,365
2013-06-22,90,365
2013-06-23,90,365
2013-06-24,90,365
2013-06-25,90,365
2013-06-26,90,365
2013-06-27,90,365
2013-06-28,90,365
2013-06-29,90,365
2013-06-30,90,365
2013-07-01,94,498
2013-07-02,94,498
2013-07-03,94,498
2013-07-04,94,498
2013-07-05,94,498
2013-07-06,94,498
2013-07-07,94,498
2013-07-08,94,498
2013-07-09,94,498
2013-07-10,94,498
2013-07-11,94,498
2013-07-12,94,498
2013-07-13,94,498
2013-07-14,94,498
2013-07-15,123,741
2013-07-16,123,741
2013-07-17,123,741
2013-07-18,123,741
2013-07-19,123,741
2013-07-20,123,741
2013-07-21,123,741
2013-07-22,123,741
2013-07-23,123,741
2013-07-24,123,741
2013-07-25,123,741
2013-07-26,123,741
2013-07-27,123,741
2013-07-28,123,741
2013-07-29,236,1248
2013-07-30,236,1248
2013-07-31,236,1248
2013-08-01,236,1248
2013-08-02,236,1248
2013-08-03,236,1248
2013-08-04,236,1248
2013-08-05,236,1248
2013-08-06,236,1248
2013-08-07,236,1248
2013-08-08,236,1248
2013-08-09,236,1248
2013-08-10,236,1248
2013-08-11,236,1248
2013-08-12,348,1704
2013-08-13,348,1704
2013-08-14,348,1704
2013-08-15,348,1704
2013-08-16,348,1704
2013-08-17,348,1704
2013-08-18,348,1704
2013-08-19,348,1704
2013-08-20,348,1704
2013-08-21,348,1704
2013-08-22,348,1704
2013-08-23,348,1704
2013-08-24,348,1704
2013-08-25,348,1704
2013-08-26,425,2782
2013-08-27,425,2782
2013-08-28,425,2782
2013-08-29,425,2782
2013-08-30,425,2782
2013-08-31,425,2782
2013-09-01,425,2782
2013-09-02,425,2782
2013-09-03,425,2782
2013-09-04,425,2782
2013-09-05,425,2782
2013-09-06,425,2782
2013-09-07,425,2782
2013-09-08,425,2782
2013-09-09,614,3679
2013-09-10,614,3679
2013-09-11,614,3679
2013-09-12,614,3679
2013-09-13,614,3679
2013-09-14,614,3679
2013-09-15,614,3679
2013-09-16,614,3679
2013-09-17,614,3679
2013-09-18,614,3679
2013-09-19,614,3679
2013-09-20,614,3679
2013-09-21,614,3679
2013-09-22,614,3679
2013-09-23,465,1855
2013-09-24,465,1855
2013-09-25,465,1855
2013-09-26,465,1855
2013-09-27,465,1855
2013-09-28,465,1855
2013-09-29,465,1855
2013-09-30,465,1855
2013-10-01,465,1855
2013-10-02,465,1855
2013-10-03,465,1855
2013-10-04,465,1855
2013-10-05,465,1855
2013-10-06,465,1855
2013-10-07,426,2222
2013-10-08,426,2222
2013-10-09,426,2222
2013-10-10,426,2222
2013-10-11,426,2222
2013-10-12,426,2222
2013-10-13,426,2222
2013-10-14,426,2222
2013-10-15,426,2222
2013-10-16,426,2222
2013-10-17,426,2222
2013-10-18,426,2222
2013-10-19,426,2222
2013-10-20,426,2222
2013-10-21,271,1401
2013-10-22,271,1401
2013-10-23,271,1401
2013-10-24,271,1401
2013-10-25,271,1401
2013-10-26,271,1401
2013-10-27,271,1401
2013-10-28,271,1401
2013-10-29,271,1401
2013-10-30,271,1401
2013-10-31,271,1401
2013-11-01,271,1401
2013-11-02,271,1401
2013-11-03,271,1401
2013-11-04,275,1163
2013-11-05,275,1163
2013-11-06,275,1163
2013-11-07,275,1163
2013-11-08,275,1163
2013-11-09,275,1163
2013-11-10,275,1163
2013-11-11,275,1163
2013-11-12,275,1163
2013-11-13,275,1163
2013-11-14,275,1163
2013-11-15,275,1163
2013-11-16,275,1163
2013-11-17,275,1163
2013-11-18,239,1000
2013-11-19,239,1000
2013-11-20,239,1000
2013-11-21,239,1000
2013-11-22,239,1000
2013-11-23,239,1000
2013-11-24,239,1000
2013-11-25,239,1000
2013-11-26,239,1000
2013-11-27,239,1000
2013-11-28,239,1000
2013-11-29,239,1000
2013-11-30,239,1000
2013-12-01,239,1000
2013-12-02,204,898
2013-12-03,204,898
2013-12-04,204,898
2013-12-05,204,898
2013-12-06,204,898
2013-12-07,204,898
2013-12-08,204,898
2013-12-09,204,898
2013-12-10,204,898
2013-12-11,204,898
2013-12-12,204,898
2013-12-13,204,898
2013-12-14,204,898
2013-12-15,204,898
2013-12-16,213,811
2013-12-17,213,811
2013-12-18,213,811
2013-12-19,213,811
2013-12-20,213,811
2013-12-21,213,811
2013-12-22,213,811
2013-12-23,213,811
2013-12-24,213,811
2013-12-25,213,811
2013-12-26,213,811
2013-12-27,213,811
2013-12-28,213,811
2013-12-29,213,811
2013-12-30,189,726
2013-12-31,189,726
2014-01-01,189,726
2014-01-02,189,726
2014-01-03,189,726
2014-01-04,189,726
2014-01-05,189,726
2014-01-06,189,726
2014-01-07,189,726
2014-01-08,189,726
2014-01-09,189,726
2014-01-10,189,726
2014-01-11,189,726
2014-01-12,189,726
2014-01-13,189,726
2014-01-14,116,429
2014-01-15,116,429
2014-01-16,116,429
2014-01-17,116,429
2014-01-18,116,429
2014-01-19,116,429
2014-01-20,116,429
2014-01-21,116,429
2014-01-22,116,429
2014-01-23,116,429
2014-01-24,116,429
2014-01-25,116,429
2014-01-26,116,429
2014-01-27,116,429
2014-01-28,224,608
2014-01-29,224,608
2014-01-30,224,608
2014-01-31,224,608
2014-02-01,224,608
2014-02-02,224,608
2014-02-03,224,608
2014-02-04,224,608
2014-02-05,224,608
2014-02-06,224,608
2014-02-07,224,608
2014-02-08,224,608
2014-02-09,224,608
2014-02-10,224,608
2014-02-11,182,561
2014-02-12,182,561
2014-02-13,182,561
2014-02-14,182,561
2014-02-15,182,561
2014-02-16,182,561
2014-02-17,182,561
2014-02-18,182,561
2014-02-19,182,561
2014-02-20,182,561
2014-02-21,182,561
2014-02-22,182,561
2014-02-23,182,561
2014-02-24,182,561
2014-02-25,213,560
2014-02-26,213,560
2014-02-27,213,560
2014-02-28,213,560
2014-03-01,213,560
2014-03-02,213,560
2014-03-03,213,560
2014-03-04,213,560
2014-03-05,213,560
2014-03-06,213,560
2014-03-07,213,560
2014-03-08,213,560
2014-03-09,213,560
2014-03-10,213,560
2014-03-11,179,537
2014-03-12,179,537
2014-03-13,179,537
2014-03-14,179,537
2014-03-15,179,537
2014-03-16,179,537
2014-03-17,179,537
2014-03-18,179,537
2014-03-19,179,537
2014-03-20,179,537
2014-03-21,179,537
2014-03-22,179,537
2014-03-23,179,537
2014-03-24,179,537
2014-03-25,235,552
2014-03-26,235,552
2014-03-27,235,552
2014-03-28,235,552
2014-03-29,235,552
2014-03-30,235,552
2014-03-31,235,552
2014-04-01,235,552
2014-04-02,235,552
2014-04-03,235,552
2014-04-04,235,552
2014-04-05,235,552
2014-04-06,235,552
2014-04-07,235,552
2014-04-08,231,588
2014-04-09,231,588
2014-04-10,231,588
2014-04-11,231,588
2014-04-12,231,588
2014-04-13,231,588
2014-04-14,231,588
2014-04-15,231,588
2014-04-16,231,588
2014-04-17,231,588
2014-04-18,231,588
2014-04-19,231,588
2014-04-20,231,588
2014-04-21,231,588
2014-04-22,198,505
2014-04-23,198,505
2014-04-24,198,505
2014-04-25,198,505
2014-04-26,198,505
2014-04-27,198,505
2014-04-28,198,505
2014-04-29,198,505
2014-04-30,198,505
2014-05-01,198,505
2014-05-02,198,505
2014-05-03,198,505
2014-05-04,198,505
2014-05-05,198,505
2014-05-06,131,377
2014-05-07,131,377
2014-05-08,131,377
2014-05-09,131,377
2014-05-10,131,377
2014-05-11,131,377
2014-05-12,131,377
2014-05-13,131,377
2014-05-14,131,377
2014-05-15,131,377
2014-05-16,131,377
2014-05-17,131,377
2014-05-18,131,377
2014-05-19,131,377
2014-05-20,226,556
2014-05-21,226,556
2014-05-22,226,556
2014-05-23,226,556
2014-05-24,226,556
2014-05-25,226,556
2014-05-26,226,556
2014-05-27,226,556
2014-05-28,226,556
2014-05-29,226,556
2014-05-30,226,556
2014-05-31,226,556
2014-06-01,226,556
2014-06-02,226,556
2014-06-03,229,582
2014-06-04,229,582
2014-06-05,229,582
2014-06-06,229,582
2014-06-07,229,582
2014-06-08,229,582
2014-06-09,229,582
2014-06-10,229,582
2014-06-11,229,582
2014-06-12,229,582
2014-06-13,229,582
2014-06-14,229,582
2014-06-15,229,582
2014-06-16,229,582
2014-06-17,215,563
2014-06-18,215,563
2014-06-19,215,563
2014-06-20,215,563
2014-06-21,215,563
2014-06-22,215,563
2014-06-23,215,563
2014-06-24,215,563
2014-06-25,215,563
2014-06-26,215,563
2014-06-27,215,563
2014-06-28,215,563
2014-06-29,215,563
2014-06-30,215,563
2014-07-01,303,986
2014-07-02,303,986
2014-07-03,303,986
2014-07-04,303,986
2014-07-05,303,986
2014-07-06,303,986
2014-07-07,303,986
2014-07-08,303,986
2014-07-09,303,986
2014-07-10,303,986
2014-07-11,303,986
2014-07-12,303,986
2014-07-13,303,986
2014-07-14,303,986
2014-07-15,506,1775
2014-07-16,506,1775
2014-07-17,506,1775
2014-07-18,506,1775
2014-07-19,506,1775
2014-07-20,506,1775
2014-07-21,506,1775
2014-07-22,506,1775
2014-07-23,506,1775
2014-07-24,506,1775
2014-07-25,506,1775
2014-07-26,506,1775
2014-07-27,506,1775
2014-07-28,506,1775
2014-07-29,1140,3671
2014-07-30,1140,3671
2014-07-31,1140,3671
2014-08-01,1140,3671
2014-08-02,1140,3671
2014-08-03,1140,3671
2014-08-04,1140,3671
2014-08-05,1140,3671
2014-08-06,1140,3671
2014-08-07,1140,3671
2014-08-08,1140,3671
2014-08-09,1140,3671
2014-08-10,1140,3671
2014-08-11,1140,3671
2014-08-12,2394,7310
2014-08-13,2394,7310
2014-08-14,2394,7310
2014-08-15,2394,7310
2014-08-16,2394,7310
2014-08-17,2394,7310
2014-08-18,2394,7310
2014-08-19,2394,7310
2014-08-20,2394,7310
2014-08-21,2394,7310
2014-08-22,2394,7310
2014-08-23,2394,7310
2014-08-24,2394,7310
2014-08-25,2394,7310
2014-08-26,3348,12021
2014-08-27,3348,12021
2014-08-28,3348,12021
2014-08-29,3348,12021
2014-08-30,3348,12021
2014-08-31,3348,12021
2014-09-01,3348,12021
2014-09-02,3348,12021
2014-09-03,3348,12021
2014-09-04,3348,12021
2014-09-05,3348,12021
2014-09-06,3348,12021
2014-09-07,3348,12021
2014-09-08,3348,12021
2014-09-09,2848,11522
2014-09-10,2848,11522
2014-09-11,2848,11522
2014-09-12,2848,11522
2014-09-13,2848,11522
2014-09-14,2848,11522
2014-09-15,2848,11522
2014-09-16,2848,11522
2014-09-17,2848,11522
2014-09-18,2848,11522
2014-09-19,2848,11522
2014-09-20,2848,11522
2014-09-21,2848,11522
2014-09-22,2848,11522
2014-09-23,2309,8931
2014-09-24,2309,8931
2014-09-25,2309,8931
2014-09-26,2309,8931
2014-09-27,2309,8931
2014-09-28,2309,8931
2014-09-29,2309,8931
2014-09-30,2309,8931
2014-10-01,2309,8931
2014-10-02,2309,8931
2014-10-03,2309,8931
2014-10-04,2309,8931
2014-10-05,2309,8931
2014-10-06,2309,8931
2014-10-07,1150,4842
2014-10-08,1150,4842
2014-10-09,1150,4842
2014-10-10,1150,4842
2014-10-11,1150,4842
2014-10-12,1150,4842
2014-10-13,1150,4842
2014-10-14,1150,4842
2014-10-15,1150,4842
2014-10-16,1150,4842
2014-10-17,1150,4842
2014-10-18,1150,4842
2014-10-19,1150,4842
2014-10-20,1150,4842
2014-10-21,1150,4842
2014-10-22,1150,4842
2014-10-23,1150,4842
2014-10-24,1150,4842
2014-10-25,1150,4842
2014-10-26,1150,4842
2014-10-27,1150,4842
2014-10-28,1150,4842
2014-10-29,1150,4842
2014-10-30,1150,4842
2014-10-31,1150,4842
2014-11-01,1150,4842
2014-11-02,1150,4842
2014-11-03,1150,4842
2014-11-04,317,1312
2014-11-05,317,1312
2014-11-06,317,1312
2014-11-07,317,1312
2014-11-08,317,1312
2014-11-09,317,1312
2014-11-10,317,1312
2014-11-11,317,1312
2014-11-12,317,1312
2014-11-13,317,1312
2014-11-14,317,1312
2014-11-15,317,1312
2014-11-16,317,1312
2014-11-17,317,1312
2014-11-18,210,822
2014-11-19,210,822
2014-11-20,210,822
2014-11-21,210,822
2014-11-22,210,822
2014-11-23,210,822
2014-11-24,210,822
2014-11-25,210,822
2014-11-26,210,822
2014-11-27,210,822
2014-11-28,210,822
2014-11-29,210,822
2014-11-30,210,822
2014-12-01,210,822
2014-12-02,126,591
2014-12-03,126,591
2014-12-04,126,591
2014-12-05,126,591
2014-12-06,126,591
2014-12-07,126,591
2014-12-08,126,591
2014-12-09,126,591
2014-12-10,126,591
2014-12-11,126,591
2014-12-12,126,591
2014-12-13,126,591
2014-12-14,126,591
2014-12-15,126,591
2014-12-16,176,534
2014-12-17,176,534
2014-12-18,176,534
2014-12-19,176,534
2014-12-20,176,534
2014-12-21,176,534
2014-12-22,176,534
2014-12-23,176,534
2014-12-24,176,534
2014-12-25,176,534
2014-12-26,176,534
2014-12-27,176,534
2014-12-28,176,534
2014-12-29,176,534
2014-12-30,176,534
2014-12-31,176,534
2015-01-01,176,534
2015-01-02,176,534
2015-01-03,176,534
2015-01-04,176,534
2015-01-05,176,534
2015-01-06,176,534
2015-01-07,176,534
2015-01-08,176,534
2015-01-09,176,534
2015-01-10,176,534
2015-01-11,176,534
2015-01-12,176,534
2015-01-13,176,534
2015-01-14,144,330
2015-01-15,144,330
2015-01-16,144,330
2015-01-17,144,330
2015-01-18,144,330
2015-01-19,144,330
2015-01-20,144,330
2015-01-21,144,330
2015-01-22,144,330
2015-01-23,144,330
2015-01-24,144,330
2015-01-25,144,330
2015-01-26,144,330
2015-01-27,144,330
2015-01-28,250,634
2015-01-29,250,634
2015-01-30,250,634
2015-01-31,250,634
2015-02-01,250,634
2015-02-02,250,634
2015-02-03,250,634
2015-02-04,250,634
2015-02-05,250,634
2015-02-06,250,634
2015-02-07,250,634
2015-02-08,250,634
2015-02-09,250,634
2015-02-10,250,634
2015-02-11,193,545
2015-02-12,193,545
2015-02-13,193,545
2015-02-14,193,545
2015-02-15,193,545
2015-02-16,193,545
2015-02-17,193,545
2015-02-18,193,545
2015-02-19,193,545
2015-02-20,193,545
2015-02-21,193,545
2015-02-22,193,545
2015-02-23,193,545
2015-02-24,193,545
2015-02-25,193,545
2015-02-26,193,545
2015-02-27,193,545
2015-02-28,193,545
2015-03-01,193,545
2015-03-02,193,545
2015-03-03,193,545
2015-03-04,193,545
2015-03-05,193,545
2015-03-06,193,545
2015-03-07,193,545
2015-03-08,193,545
2015-03-09,193,545
2015-03-10,193,545
2015-03-11,209,637
2015-03-12,209,637
2015-03-13,209,637
2015-03-14,209,637
2015-03-15,209,637
2015-03-16,209,637
2015-03-17,209,637
2015-03-18,209,637
2015-03-19,209,637
2015-03-20,209,637
2015-03-21,209,637
2015-03-22,209,637
2015-03-23,209,637
2015-03-24,209,637
2015-03-25,220,734
2015-03-26,220,734
2015-03-27,220,734
2015-03-28,220,734
2015-03-29,220,734
2015-03-30,220,734
2015-03-31,220,734
2015-04-01,220,734
2015-04-02,220,734
2015-04-03,220,734
2015-04-04,220,734
2015-04-05,220,734
2015-04-06,220,734
2015-04-07,220,734
2015-04-08,311,945
2015-04-09,311,945
2015-04-10,311,945
2015-04-11,311,945
2015-04-12,311,945
2015-04-13,311,945
2015-04-14,311,945
2015-04-15,311,945
2015-04-16,311,945
2015-04-17,311,945
2015-04-18,311,945
2015-04-19,311,945
2015-04-20,311,945
2015-04-21,311,945
2015-04-22,286,966
2015-04-23,286,966
2015-04-24,286,966
2015-04-25,286,966
2015-04-26,286,966
2015-04-27,286,966
2015-04-28,286,966
2015-04-29,286,966
2015-04-30,286,966
2015-05-01,286,966
2015-05-02,286,966
2015-05-03,286,966
2015-05-04,286,966
2015-05-05,286,966
2015-05-06,305,1039
2015-05-07,305,1039
2015-05-08,305,1039
2015-05-09,305,1039
2015-05-10,305,1039
2015-05-11,305,1039
2015-05-12,305,1039
2015-05-13,305,1039
2015-05-14,305,1039
2015-05-15,305,1039
2015-05-16,305,1039
2015-05-17,305,1039
2015-05-18,305,1039
2015-05-19,305,1039
2015-05-20,336,1024
2015-05-21,336,1024
2015-05-22,336,1024
2015-05-23,336,1024
2015-05-24,336,1024
2015-05-25,336,1024
2015-05-26,336,1024
2015-05-27,336,1024
2015-05-28,336,1024
2015-05-29,336,1024
2015-05-30,336,1024
2015-05-31,336,1024
2015-06-01,336,1024
2015-06-02,336,1024
2015-06-03,350,1071
2015-06-04,350,1071
2015-06-05,350,1071
2015-06-06,350,1071
2015-06-07,350,1071
2015-06-08,350,1071
2015-06-09,350,1071
2015-06-10,350,1071
2015-06-11,350,1071
2015-06-12,350,1071
2015-06-13,350,1071
2015-06-14,350,1071
2015-06-15,350,1071
2015-06-16,350,1071
2015-06-17,388,1399
2015-06-18,388,1399
2015-06-19,388,1399
2015-06-20,388,1399
2015-06-21,388,1399
2015-06-22,388,1399
2015-06-23,388,1399
2015-06-24,388,1399
2015-06-25,388,1399
2015-06-26,388,1399
2015-06-27,388,1399
2015-06-28,388,1399
2015-06-29,388,1399
2015-06-30,388,1399
2015-07-01,610,2268
2015-07-02,610,2268
2015-07-03,610,2268
2015-07-04,610,2268
2015-07-05,610,2268
2015-07-06,610,2268
2015-07-07,610,2268
2015-07-08,610,2268
2015-07-09,610,2268
2015-07-10,610,2268
2015-07-11,610,2268
2015-07-12,610,2268
2015-07-13,610,2268
2015-07-14,610,2268
2015-07-15,871,3367
2015-07-16,871,3367
2015-07-17,871,3367
2015-07-18,871,3367
2015-07-19,871,3367
2015-07-20,871,3367
2015-07-21,871,3367
2015-07-22,871,3367
2015-07-23,871,3367
2015-07-24,871,3367
2015-07-25,871,3367
2015-07-26,871,3367
2015-07-27,871,3367
2015-07-28,871,3367
2015-07-29,1237,4746
2015-07-30,1237,4746
2015-07-31,1237,4746
2015-08-01,1237,4746
2015-08-02,1237,4746
2015-08-03,1237,4746
2015-08-04,1237,4746
2015-08-05,1237,4746
2015-08-06,1237,4746
2015-08-07,1237,4746
2015-08-08,1237,4746
2015-08-09,1237,4746
2015-08-10,1237,4746
2015-08-11,1237,4746
2015-08-12,3190,8679
2015-08-13,3190,8679
2015-08-14,3190,8679
2015-08-15,3190,8679
2015-08-16,3190,8679
2015-08-17,3190,8679
2015-08-18,3190,8679
2015-08-19,3190,8679
2015-08-20,3190,8679
2015-08-21,3190,8679
2015-08-22,3190,8679
2015-08-23,3190,8679
2015-08-24,3190,8679
2015-08-25,3190,8679
2015-08-26,5607,14504
2015-08-27,5607,14504
2015-08-28,5607,14504
2015-08-29,5607,14504
2015-08-30,5607,14504
2015-08-31,5607,14504
2015-09-01,5607,14504
2015-09-02,5607,14504
2015-09-03,5607,14504
2015-09-04,5607,14504
2015-09-05,5607,14504
2015-09-06,5607,14504
2015-09-07,5607,14504
2015-09-08,5607,14504
2015-09-09,6064,16821
2015-09-10,6064,16821
2015-09-11,6064,16821
2015-09-12,6064,16821
2015-09-13,6064,16821
2015-09-14,6064,16821
2015-09-15,6064,16821
2015-09-16,6064,16821
2015-09-17,6064,16821
2015-09-18,6064,16821
2015-09-19,6064,16821
2015-09-20,6064,16821
2015-09-21,6064,16821
2015-09-22,6064,16821
2015-09-23,4151,13159
2015-09-24,4151,13159
2015-09-25,4151,13159
2015-09-26,4151,13159
2015-09-27,4151,13159
2015-09-28,4151,13159
2015-09-29,4151,13159
2015-09-30,4151,13159
2015-10-01,4151,13159
2015-10-02,4151,13159
2015-10-03,4151,13159
2015-10-04,4151,13159
2015-10-05,4151,13159
2015-10-06,4151,13159
2015-10-07,1637,6488
2015-10-08,1637,6488
2015-10-09,1637,6488
2015-10-10,1637,6488
2015-10-11,1637,6488
2015-10-12,1637,6488
2015-10-13,1637,6488
2015-10-14,1637,6488
2015-10-15,1637,6488
2015-10-16,1637,6488
2015-10-17,1637,6488
2015-10-18,1637,6488
2015-10-19,1637,6488
2015-10-20,1637,6488
2015-10-21,713,2979
2015-10-22,713,2979
2015-10-23,713,2979
2015-10-24,713,2979
2015-10-25,713,2979
2015-10-26,713,2979
2015-10-27,713,2979
2015-10-28,713,2979
2015-10-29,713,2979
2015-10-30,713,2979
2015-10-31,713,2979
2015-11-01,713,2979
2015-11-02,713,2979
2015-11-03,713,2979
2015-11-04,360,1245
2015-11-05,360,1245
2015-11-06,360,1245
2015-11-07,360,1245
2015-11-08,360,1245
2015-11-09,360,1245
2015-11-10,360,1245
2015-11-11,360,1245
2015-11-12,360,1245
2015-11-13,360,1245
2015-11-14,360,1245
2015-11-15,360,1245
2015-11-16,360,1245
2015-11-17,360,1245
2015-11-18,240,702
2015-11-19,240,702
2015-11-20,240,702
2015-11-21,240,702
2015-11-22,240,702
2015-11-23,240,702
2015-11-24,240,702
2015-11-25,240,702
2015-11-26,240,702
2015-11-27,240,702
2015-11-28,240,702
2015-11-29,240,702
2015-11-30,240,702
2015-12-01,240,702
2015-12-02,148,467
2015-12-03,148,467
2015-12-04,148,467
2015-12-05,148,467
2015-12-06,148,467
2015-12-07,148,467
2015-12-08,148,467
2015-12-09,148,467
2015-12-10,148,467
2015-12-11,148,467
2015-12-12,148,467
2015-12-13,148,467
2015-12-14,148,467
2015-12-15,148,467
2015-12-16,143,394
2015-12-17,143,394
2015-12-18,143,394
2015-12-19,143,394
2015-12-20,143,394
2015-12-21,143,394
2015-12-22,143,394
2015-12-23,143,394
2015-12-24,143,394
2015-12-25,143,394
2015-12-26,143,394
2015-12-27,143,394
2015-12-28,143,394
2015-12-29,143,394
2015-12-30,168,440
2015-12-31,168,440
2016-01-01,168,440
2016-01-02,168,440
2016-01-03,168,440
2016-01-04,168,440
2016-01-05,168,440
2016-01-06,168,440
2016-01-07,168,440
2016-01-08,168,440
2016-01-09,168,440
2016-01-10,168,440
2016-01-11,168,440
2016-01-12,168,440
2016-01-13,168,440
2016-01-14,181,500
2016-01-15,181,500
2016-01-16,181,500
2016-01-17,181,500
2016-01-18,181,500
2016-01-19,181,500
2016-01-20,181,500
2016-01-21,181,500
2016-01-22,181,500
2016-01-23,181,500
2016-01-24,181,500
2016-01-25,181,500
2016-01-26,181,500
2016-01-27,181,500
2016-01-28,196,558
2016-01-29,196,558
2016-01-30,196,558
2016-01-31,196,558
2016-02-01,196,558
2016-02-02,196,558
2016-02-03,196,558
2016-02-04,196,558
2016-02-05,196,558
2016-02-06,196,558
2016-02-07,196,558
2016-02-08,196,558
2016-02-09,196,558
2016-02-10,196,558
2016-02-11,198,655
2016-02-12,198,655
2016-02-13,198,655
2016-02-14,198,655
2016-02-15,198,655
2016-02-16,198,655
2016-02-17,198,655
2016-02-18,198,655
2016-02-19,198,655
2016-02-20,198,655
2016-02-21,198,655
2016-02-22,198,655
2016-02-23,198,655
2016-02-24,198,655
2016-02-25,430,964
2016-02-26,430,964
2016-02-27,430,964
2016-02-28,430,964
2016-02-29,430,964
2016-03-01,430,964
2016-03-02,430,964
2016-03-03,430,964
2016-03-04,430,964
2016-03-05,430,964
2016-03-06,430,964
2016-03-07,430,964
2016-03-08,430,964
2016-03-09,430,964
2016-03-10,557,1221
2016-03-11,557,1221
2016-03-12,557,1221
2016-03-13,557,1221
2016-03-14,557,1221
2016-03-15,557,1221
2016-03-16,557,1221
2016-03-17,557,1221
2016-03-18,557,1221
2016-03-19,557,1221
2016-03-20,557,1221
2016-03-21,557,1221
2016-03-22,557,1221
2016-03-23,557,1221
2016-03-24,516,1059
2016-03-25,516,1059
2016-03-26,516,1059
2016-03-27,516,1059
2016-03-28,516,1059
2016-03-29,516,1059
2016-03-30,516,1059
2016-03-31,516,1059
2016-04-01,516,1059
2016-04-02,516,1059
2016-04-03,516,1059
2016-04-04,516,1059
2016-04-05,516,1059
2016-04-06,516,1059
2016-04-07,438,1058
2016-04-08,438,1058
2016-04-09,438,1058
2016-04-10,438,1058
2016-04-11,438,1058
2016-04-12,438,1058
2016-04-13,438,1058
2016-04-14,438,1058
2016-04-15,438,1058
2016-04-16,438,1058
2016-04-17,438,1058
2016-04-18,438,1058
2016-04-19,438,1058
2016-04-20,438,1058
2016-04-21,371,1220
2016-04-22,371,1220
2016-04-23,371,1220
2016-04-24,371,1220
2016-04-25,371,1220
2016-04-26,371,1220
2016-04-27,371,1220
2016-04-28,371,1220
2016-04-29,371,1220
2016-04-30,371,1220
2016-05-01,371,1220
2016-05-02,371,1220
2016-05-03,371,1220
2016-05-04,371,1220
2016-05-05,339,932
2016-05-06,339,932
2016-05-07,339,932
2016-05-08,339,932
2016-05-09,339,932
2016-05-10,339,932
2016-05-11,339,932
2016-05-12,339,932
2016-05-13,339,932
2016-05-14,339,932
2016-05-15,339,932
2016-05-16,339,932
2016-05-17,339,932
2016-05-18,339,932
2016-05-19,337,951
2016-05-20,337,951
2016-05-21,337,951
2016-05-22,337,951
2016-05-23,337,951
2016-05-24,337,951
2016-05-25,337,951
2016-05-26,337,951
2016-05-27,337,951
2016-05-28,337,951
2016-05-29,337,951
2016-05-30,337,951
2016-05-31,337,951
2016-06-01,337,951
2016-06-02,269,864
2016-06-03,269,864
2016-06-04,269,864
2016-06-05,269,864
2016-06-06,269,864
2016-06-07,269,864
2016-06-08,269,864
2016-06-09,269,864
2016-06-10,269,864
2016-06-11,269,864
2016-06-12,269,864
2016-06-13,269,864
2016-06-14,269,864
2016-06-15,269,864
2016-06-16,303,1048
2016-06-17,303,1048
2016-06-18,303,1048
2016-06-19,303,1048
2016-06-20,303,1048
2016-06-21,303,1048
2016-06-22,303,1048
2016-06-23,303,1048
2016-06-24,303,1048
2016-06-25,303,1048
2016-06-26,303,1048
2016-06-27,303,1048
2016-06-28,303,1048
2016-06-29,303,1048
2016-06-30,362,1308
2016-07-01,362,1308
2016-07-02,362,1308
2016-07-03,362,1308
2016-07-04,362,1308
2016-07-05,362,1308
2016-07-06,362,1308
2016-07-07,362,1308
2016-07-08,362,1308
2016-07-09,362,1308
2016-07-10,362,1308
2016-07-11,362,1308
2016-07-12,362,1308
2016-07-13,362,1308
2016-07-14,586,2381
2016-07-15,586,2381
2016-07-16,586,2381
2016-07-17,586,2381
2016-07-18,586,2381
2016-07-19,586,2381
2016-07-20,586,2381
2016-07-21,586,2381
2016-07-22,586,2381
2016-07-23,586,2381
2016-07-24,586,2381
2016-07-25,586,2381
2016-07-26,586,2381
2016-07-27,586,2381
2016-07-28,1200,4442
2016-07-29,1200,4442
2016-07-30,1200,4442
2016-07-31,1200,4442
2016-08-01,1200,4442
2016-08-02,1200,4442
2016-08-03,1200,4442
2016-08-04,1200,4442
2016-08-05,1200,4442
2016-08-06,1200,4442
2016-08-07,1200,4442
2016-08-08,1200,4442
2016-08-09,1200,4442
2016-08-10,1200,4442
2016-08-11,2654,8715
2016-08-12,2654,8715
2016-08-13,2654,8715
2016-08-14,2654,8715
2016-08-15,2654,8715
2016-08-16,2654,8715
2016-08-17,2654,8715
2016-08-18,2654,8715
2016-08-19,2654,8715
2016-08-20,2654,8715
2016-08-21,2654,8715
2016-08-22,2654,8715
2016-08-23,2654,8715
2016-08-24,2654,8715
2016-08-25,3217,13074
2016-08-26,3217,13074
2016-08-27,3217,13074
2016-08-28,3217,13074
2016-08-29,3217,13074
2016-08-30,3217,13074
2016-08-31,3217,13074
2016-09-01,3217,13074
2016-09-02,3217,13074
2016-09-03,3217,13074
2016-09-04,3217,13074
2016-09-05,3217,13074
2016-09-06,3217,13074
2016-09-07,3217,13074
2016-09-08,3675,15312
2016-09-09,3675,15312
2016-09-10,3675,15312
2016-09-11,3675,15312
2016-09-12,3675,15312
2016-09-13,3675,15312
2016-09-14,3675,15312
2016-09-15,3675,15312
2016-09-16,3675,15312
2016-09-17,3675,15312
2016-09-18,3675,15312
2016-09-19,3675,15312
2016-09-20,3675,15312
2016-09-21,3675,15312
2016-09-22,2525,11260
2016-09-23,2525,11260
2016-09-24,2525,11260
2016-09-25,2525,11260
2016-09-26,2525,11260
2016-09-27,2525,11260
2016-09-28,2525,11260
2016-09-29,2525,11260
2016-09-30,2525,11260
2016-10-01,2525,11260
2016-10-02,2525,11260
2016-10-03,2525,11260
2016-10-04,2525,11260
2016-10-05,2525,11260
2016-10-06,1515,5783
2016-10-07,1515,5783
2016-10-08,1515,5783
2016-10-09,1515,5783
2016-10-10,1515,5783
2016-10-11,1515,5783
2016-10-12,1515,5783
2016-10-13,1515,5783
2016-10-14,1515,5783
2016-10-15,1515,5783
2016-10-16,1515,5783
2016-10-17,1515,5783
2016-10-18,1515,5783
2016-10-19,1515,5783
2016-10-20,1154,4065
2016-10-21,1154,4065
2016-10-22,1154,4065
2016-10-23,1154,4065
2016-10-24,1154,4065
2016-10-25,1154,4065
2016-10-26,1154,4065
2016-10-27,1154,4065
2016-10-28,1154,4065
2016-10-29,1154,4065
2016-10-30,1154,4065
2016-10-31,1154,4065
2016-11-01,1154,4065
2016-11-02,1154,4065
2016-11-03,769,2902
2016-11-04,769,2902
2016-11-05,769,2902
2016-11-06,769,2902
2016-11-07,769,2902
2016-11-08,769,2902
2016-11-09,769,2902
2016-11-10,769,2902
2016-11-11,769,2902
2016-11-12,769,2902
2016-11-13,769,2902
2016-11-14,769,2902
2016-11-15,769,2902
2016-11-16,769,2902
2016-11-17,465,2079
2016-11-18,465,2079
2016-11-19,465,2079
2016-11-20,465,2079
2016-11-21,465,2079
2016-11-22,465,2079
2016-11-23,465,2079
2016-11-24,465,2079
2016-11-25,465,2079
2016-11-26,465,2079
2016-11-27,465,2079
2016-11-28,465,2079
2016-11-29,465,2079
2016-11-30,465,2079
2016-12-01,452,1534
2016-12-02,452,1534
2016-12-03,452,1534
2016-12-04,452,1534
2016-12-05,452,1534
2016-12-06,452,1534
2016-12-07,452,1534
2016-12-08,452,1534
2016-12-09,452,1534
2016-12-10,452,1534
2016-12-11,452,1534
2016-12-12,452,1534
2016-12-13,452,1534
2016-12-14,452,1534
2016-12-15,433,1096
2016-12-16,433,1096
2016-12-17,433,1096
2016-12-18,433,1096
2016-12-19,433,1096
2016-12-20,433,1096
2016-12-21,433,1096
2016-12-22,433,1096
2016-12-23,433,1096
2016-12-24,433,1096
2016-12-25,433,1096
2016-12-26,433,1096
2016-12-27,433,1096
2016-12-28,433,1096
2016-12-29,433,1096
2016-12-30,433,1096
2016-12-31,433,1096
2017-01-01,433,1096
2017-01-02,433,1096
2017-01-03,433,1096
2017-01-04,433,1096
2017-01-05,433,1096
2017-01-06,433,1096
2017-01-07,433,1096
2017-01-08,433,1096
2017-01-09,433,1096
2017-01-10,433,1096
2017-01-11,433,1096
2017-01-12,433,1096
2017-01-13,433,1096
2017-01-14,397,1110
2017-01-15,397,1110
2017-01-16,397,1110
2017-01-17,397,1110
2017-01-18,397,1110
2017-01-19,397,1110
2017-01-20,397,1110
2017-01-21,397,1110
2017-01-22,397,1110
2017-01-23,397,1110
2017-01-24,397,1110
2017-01-25,397,1110
2017-01-26,397,1110
2017-01-27,397,1110
2017-01-28,471,1118
2017-01-29,471,1118
2017-01-30,471,1118
2017-01-31,471,1118
2017-02-01,471,1118
2017-02-02,471,1118
2017-02-03,471,1118
2017-02-04,471,1118
2017-02-05,471,1118
2017-02-06,471,1118
2017-02-07,471,1118
2017-02-08,471,1118
2017-02-09,471,1118
2017-02-10,471,1118
2017-02-11,385,1206
2017-02-12,385,1206
2017-02-13,385,1206
2017-02-14,385,1206
2017-02-15,385,1206
2017-02-16,385,1206
2017-02-17,385,1206
2017-02-18,385,1206
2017-02-19,385,1206
2017-02-20,385,1206
2017-02-21,385,1206
2017-02-22,385,1206
2017-02-23,385,1206
2017-02-24,385,1206
2017-02-25,547,1349
2017-02-26,547,1349
2017-02-27,547,1349
2017-02-28,547,1349
2017-03-01,547,1349
2017-03-02,547,1349
2017-03-03,547,1349
2017-03-04,547,1349
2017-03-05,547,1349
2017-03-06,547,1349
2017-03-07,547,1349
2017-03-08,547,1349
2017-03-09,547,1349
2017-03-10,547,1349
2017-03-11,501,1331
2017-03-12,501,1331
2017-03-13,501,1331
2017-03-14,501,1331
2017-03-15,501,1331
2017-03-16,501,1331
2017-03-17,501,1331
2017-03-18,501,1331
2017-03-19,501,1331
2017-03-20,501,1331
2017-03-21,501,1331
2017-03-22,501,1331
2017-03-23,501,1331
2017-03-24,501,1331
2017-03-25,476,1168
2017-03-26,476,1168
2017-03-27,476,1168
2017-03-28,476,1168
2017-03-29,476,1168
2017-03-30,476,1168
2017-03-31,476,1168
2017-04-01,476,1168
2017-04-02,476,1168
2017-04-03,476,1168
2017-04-04,476,1168
2017-04-05,476,1168
2017-04-06,476,1168
2017-04-07,476,1168
2017-04-08,401,1211
2017-04-09,401,1211
2017-04-10,401,1211
2017-04-11,401,1211
2017-04-12,401,1211
2017-04-13,401,1211
2017-04-14,401,1211
2017-04-15,401,1211
2017-04-16,401,1211
2017-04-17,401,1211
2017-04-18,401,1211
2017-04-19,401,1211
2017-04-20,401,1211
2017-04-21,401,1211
2017-04-22,287,854
2017-04-23,287,854
2017-04-24,287,854
2017-04-25,287,854
2017-04-26,287,854
2017-04-27,287,854
2017-04-28,287,854
2017-04-29,287,854
2017-04-30,287,854
2017-05-01,287,854
2017-05-02,287,854
2017-05-03,287,854
2017-05-04,287,854
2017-05-05,287,854
2017-05-06,307,807
2017-05-07,307,807
2017-05-08,307,807
2017-05-09,307,807
2017-05-10,307,807
2017-05-11,307,807
2017-05-12,307,807
2017-05-13,307,807
2017-05-14,307,807
2017-05-15,307,807
2017-05-16,307,807
2017-05-17,307,807
2017-05-18,307,807
2017-05-19,307,807
2017-05-20,317,1166
2017-05-21,317,1166
2017-05-22,317,1166
2017-05-23,317,1166
2017-05-24,317,1166
2017-05-25,317,1166
2017-05-26,317,1166
2017-05-27,317,1166
2017-05-28,317,1166
2017-05-29,317,1166
2017-05-30,317,1166
2017-05-31,317,1166
2017-06-01,317,1166
2017-06-02,317,1166
2017-06-03,514,1706
2017-06-04,514,1706
2017-06-05,514,1706
2017-06-06,514,1706
2017-06-07,514,1706
2017-06-08,514,1706
2017-06-09,514,1706
2017-06-10,514,1706
2017-06-11,514,1706
2017-06-12,514,1706
2017-06-13,514,1706
2017-06-14,514,1706
2017-06-15,514,1706
2017-06-16,514,1706
2017-06-17,562,2165
2017-06-18,562,2165
2017-06-19,562,2165
2017-06-20,562,2165
2017-06-21,562,2165
2017-06-22,562,2165
2017-06-23,562,2165
2017-06-24,562,2165
2017-06-25,562,2165
2017-06-26,562,2165
2017-06-27,562,2165
2017-06-28,562,2165
2017-06-29,562,2165
2017-06-30,562,2165
2017-07-01,991,3977
2017-07-02,991,3977
2017-07-03,991,3977
2017-07-04,991,3977
2017-07-05,991,3977
2017-07-06,991,3977
2017-07-07,991,3977
2017-07-08,991,3977
2017-07-09,991,3977
2017-07-10,991,3977
2017-07-11,991,3977
2017-07-12,991,3977
2017-07-13,991,3977
2017-07-14,991,3977
2017-07-15,1417,7778
2017-07-16,1417,7778
2017-07-17,1417,7778
2017-07-18,1417,7778
2017-07-19,1417,7778
2017-07-20,1417,7778
2017-07-21,1417,7778
2017-07-22,1417,7778
2017-07-23,1417,7778
2017-07-24,1417,7778
2017-07-25,1417,7778
2017-07-26,1417,7778
2017-07-27,1417,7778
2017-07-28,1417,7778
2017-07-29,2973,14152
2017-07-30,2973,14152
2017-07-31,2973,14152
2017-08-01,2973,14152
2017-08-02,2973,14152
2017-08-03,2973,14152
2017-08-04,2973,14152
2017-08-05,2973,14152
2017-08-06,2973,14152
2017-08-07,2973,14152
2017-08-08,2973,14152
2017-08-09,2973,14152
2017-08-10,2973,14152
2017-08-11,2973,14152
2017-08-12,7805,26169
2017-08-13,7805,26169
2017-08-14,7805,26169
2017-08-15,7805,26169
2017-08-16,7805,26169
2017-08-17,7805,26169
2017-08-18,7805,26169
2017-08-19,7805,26169
2017-08-20,7805,26169
2017-08-21,7805,26169
2017-08-22,7805,26169
2017-08-23,7805,26169
2017-08-24,7805,26169
2017-08-25,7805,26169
2017-08-26,10993,38590
2017-08-27,10993,38590
2017-08-28,10993,38590
2017-08-29,10993,38590
2017-08-30,10993,38590
2017-08-31,10993,38590
2017-09-01,10993,38590
2017-09-02,10993,38590
2017-09-03,10993,38590
2017-09-04,10993,38590
2017-09-05,10993,38590
2017-09-06,10993,38590
2017-09-07,10993,38590
2017-09-08,10993,38590
2017-09-09,10408,37444
2017-09-10,10408,37444
2017-09-11,10408,37444
2017-09-12,10408,37444
2017-09-13,10408,37444
2017-09-14,10408,37444
2017-09-15,10408,37444
2017-09-16,10408,37444
2017-09-17,10408,37444
2017-09-18,10408,37444
2017-09-19,10408,37444
2017-09-20,10408,37444
2017-09-21,10408,37444
2017-09-22,10408,37444
2017-09-23,8143,28612
2017-09-24,8143,28612
2017-09-25,8143,28612
2017-09-26,8143,28612
2017-09-27,8143,28612
2017-09-28,8143,28612
2017-09-29,8143,28612
2017-09-30,8143,28612
2017-10-01,8143,28612
2017-10-02,8143,28612
2017-10-03,8143,28612
2017-10-04,8143,28612
2017-10-05,8143,28612
2017-10-06,8143,28612
2017-10-07,4011,17659
2017-10-08,4011,17659
2017-10-09,4011,17659
2017-10-10,4011,17659
2017-10-11,4011,17659
2017-10-12,4011,17659
2017-10-13,4011,17659
2017-10-14,4011,17659
2017-10-15,4011,17659
2017-10-16,4011,17659
2017-10-17,4011,17659
2017-10-18,4011,17659
2017-10-19,4011,17659
2017-10-20,4011,17659
2017-10-21,1663,8462
2017-10-22,1663,8462
2017-10-23,1663,8462
2017-10-24,1663,8462
2017-10-25,1663,8462
2017-10-26,1663,8462
2017-10-27,1663,8462
2017-10-28,1663,8462
2017-10-29,1663,8462
2017-10-30,1663,8462
2017-10-31,1663,8462
2017-11-01,1663,8462
2017-11-02,1663,8462
2017-11-03,1663,8462
2017-11-04,949,2995
2017-11-05,949,2995
2017-11-06,949,2995
2017-11-07,949,2995
2017-11-08,949,2995
2017-11-09,949,2995
2017-11-10,949,2995
2017-11-11,949,2995
2017-11-12,949,2995
2017-11-13,949,2995
2017-11-14,949,2995
2017-11-15,949,2995
2017-11-16,949,2995
2017-11-17,949,2995
2017-11-18,557,1804
2017-11-19,557,1804
2017-11-20,557,1804
2017-11-21,557,1804
2017-11-22,557,1804
2017-11-23,557,1804
2017-11-24,557,1804
2017-11-25,557,1804
2017-11-26,557,1804
2017-11-27,557,1804
2017-11-28,557,1804
2017-11-29,557,1804
2017-11-30,557,1804
2017-12-01,557,1804
2017-12-02,417,1382
2017-12-03,417,1382
2017-12-04,417,1382
2017-12-05,417,1382
2017-12-06,417,1382
2017-12-07,417,1382
2017-12-08,417,1382
2017-12-09,417,1382
2017-12-10,417,1382
2017-12-11,417,1382
2017-12-12,417,1382
2017-12-13,417,1382
2017-12-14,417,1382
2017-12-15,417,1382
2017-12-16,390,928
2017-12-17,390,928
2017-12-18,390,928
2017-12-19,390,928
2017-12-20,390,928
2017-12-21,390,928
2017-12-22,390,928
2017-12-23,390,928
2017-12-24,390,928
2017-12-25,390,928
2017-12-26,390,928
2017-12-27,390,928
2017-12-28,390,928
2017-12-29,390,928
2017-12-30,390,928
2017-12-31,390,928
2018-01-01,390,928
2018-01-02,390,928
2018-01-03,390,928
2018-01-04,390,928
2018-01-05,390,928
2018-01-06,390,928
2018-01-07,390,928
2018-01-08,390,928
2018-01-09,390,928
2018-01-10,390,928
2018-01-11,390,928
2018-01-12,390,928
2018-01-13,390,928
2018-01-14,675,2037
2018-01-15,675,2037
2018-01-16,675,2037
2018-01-17,675,2037
2018-01-18,675,2037
2018-01-19,675,2037
2018-01-20,675,2037
2018-01-21,675,2037
2018-01-22,675,2037
2018-01-23,675,2037
2018-01-24,675,2037
2018-01-25,675,2037
2018-01-26,675,2037
2018-01-27,675,2037
2018-01-28,488,1658
2018-01-29,488,1658
2018-01-30,488,1658
2018-01-31,488,1658
2018-02-01,488,1658
2018-02-02,488,1658
2018-02-03,488,1658
2018-02-04,488,1658
2018-02-05,488,1658
2018-02-06,488,1658
2018-02-07,488,1658
2018-02-08,488,1658
2018-02-09,488,1658
2018-02-10,488,1658
2018-02-11,525,1745
2018-02-12,525,1745
2018-02-13,525,1745
2018-02-14,525,1745
2018-02-15,525,1745
2018-02-16,525,1745
2018-02-17,525,1745
2018-02-18,525,1745
2018-02-19,525,1745
2018-02-20,525,1745
2018-02-21,525,1745
2018-02-22,525,1745
2018-02-23,525,1745
2018-02-24,525,1745
2018-02-25,547,1682
2018-02-26,547,1682
2018-02-27,547,1682
2018-02-28,547,1682
2018-03-01,547,1682
2018-03-02,547,1682
2018-03-03,547,1682
2018-03-04,547,1682
2018-03-05,547,1682
2018-03-06,547,1682
2018-03-07,547,1682
2018-03-08,547,1682
2018-03-09,547,1682
2018-03-10,547,1682
2018-03-11,544,1554
2018-03-12,544,1554
2018-03-13,544,1554
2018-03-14,544,1554
2018-03-15,544,1554
2018-03-16,544,1554
2018-03-17,544,1554
2018-03-18,544,1554
2018-03-19,544,1554
2018-03-20,544,1554
2018-03-21,544,1554
2018-03-22,544,1554
2018-03-23,544,1554
2018-03-24,544,1554
2018-03-25,514,1279
2018-03-26,514,1279
2018-03-27,514,1279
2018-03-28,514,1279
2018-03-29,514,1279
2018-03-30,514,1279
2018-03-31,514,1279
2018-04-01,514,1279
2018-04-02,514,1279
2018-04-03,514,1279
2018-04-04,514,1279
2018-04-05,514,1279
2018-04-06,514,1279
2018-04-07,514,1279
2018-04-08,420,1098
2018-04-09,420,1098
2018-04-10,420,1098
2018-04-11,420,1098
2018-04-12,420,1098
2018-04-13,420,1098
2018-04-14,420,1098
2018-04-15,420,1098
2018-04-16,420,1098
2018-04-17,420,1098
2018-04-18,420,1098
2018-04-19,420,1098
2018-04-20,420,1098
2018-04-21,420,1098
2018-04-22,297,758
2018-04-23,297,758
2018-04-24,297,758
2018-04-25,297,758
2018-04-26,297,758
2018-04-27,297,758
2018-04-28,297,758
2018-04-29,297,758
2018-04-30,297,758
2018-05-01,297,758
2018-05-02,297,758
2018-05-03,297,758
2018-05-04,297,758
2018-05-05,297,758
2018-05-06,274,745
2018-05-07,274,745
2018-05-08,274,745
2018-05-09,274,745
2018-05-10,274,745
2018-05-11,274,745
2018-05-12,274,745
2018-05-13,274,745
2018-05-14,274,745
2018-05-15,274,745
2018-05-16,274,745
2018-05-17,274,745
2018-05-18,274,745
2018-05-19,274,745
2018-05-20,249,735
2018-05-21,249,735
2018-05-22,249,735
2018-05-23,249,735
2018-05-24,249,735
2018-05-25,249,735
2018-05-26,249,735
2018-05-27,249,735
2018-05-28,249,735
2018-05-29,249,735
2018-05-30,249,735
2018-05-31,249,735
2018-06-01,249,735
2018-06-02,249,735
2018-06-03,192,683
2018-06-04,192,683
2018-06-05,192,683
2018-06-06,192,683
2018-06-07,192,683
2018-06-08,192,683
2018-06-09,192,683
2018-06-10,192,683
2018-06-11,192,683
2018-06-12,192,683
2018-06-13,192,683
2018-06-14,192,683
2018-06-15,192,683
2018-06-16,192,683
2018-06-17,234,771
2018-06-18,234,771
2018-06-19,234,771
2018-06-20,234,771
2018-06-21,234,771
2018-06-22,234,771
2018-06-23,234,771
2018-06-24,234,771
2018-06-25,234,771
2018-06-26,234,771
2018-06-27,234,771
2018-06-28,234,771
2018-06-29,234,771
2018-06-30,234,771
2018-07-01,396,1318
2018-07-02,396,1318
2018-07-03,396,1318
2018-07-04,396,1318
2018-07-05,396,1318
2018-07-06,396,1318
2018-07-07,396,1318
2018-07-08,396,1318
2018-07-09,396,1318
2018-07-10,396,1318
2018-07-11,396,1318
2018-07-12,396,1318
2018-07-13,396,1318
2018-07-14,396,1318
2018-07-15,397,1534
2018-07-16,397,1534
2018-07-17,397,1534
2018-07-18,397,1534
2018-07-19,397,1534
2018-07-20,397,1534
2018-07-21,397,1534
2018-07-22,397,1534
2018-07-23,397,1534
2018-07-24,397,1534
2018-07-25,397,1534
2018-07-26,397,1534
2018-07-27,397,1534
2018-07-28,397,1534
2018-07-29,580,1917
2018-07-30,580,1917
2018-07-31,580,1917
2018-08-01,580,1917
2018-08-02,580,1917
2018-08-03,580,1917
2018-08-04,580,1917
2018-08-05,580,1917
2018-08-06,580,1917
2018-08-07,580,1917
2018-08-08,580,1917
2018-08-09,580,1917
2018-08-10,580,1917
2018-08-11,580,1917
2018-08-12,906,2876
2018-08-13,906,2876
2018-08-14,906,2876
2018-08-15,906,2876
2018-08-16,906,2876
2018-08-17,906,2876
2018-08-18,906,2876
2018-08-19,906,2876
2018-08-20,906,2876
2018-08-21,906,2876
2018-08-22,906,2876
2018-08-23,906,2876
2018-08-24,906,2876
2018-08-25,906,2876
2018-08-26,1465,4322
2018-08-27,1465,4322
2018-08-28,1465,4322
2018-08-29,1465,4322
2018-08-30,1465,4322
2018-08-31,1465,4322
2018-09-01,1465,4322
2018-09-02,1465,4322
2018-09-03,1465,4322
2018-09-04,1465,4322
2018-09-05,1465,4322
2018-09-06,1465,4322
2018-09-07,1465,4322
2018-09-08,1465,4322
2018-09-09,1355,5323
2018-09-10,1355,5323
2018-09-11,1355,5323
2018-09-12,1355,5323
2018-09-13,1355,5323
2018-09-14,1355,5323
2018-09-15,1355,5323
2018-09-16,1355,5323
2018-09-17,1355,5323
2018-09-18,1355,5323
2018-09-19,1355,5323
2018-09-20,1355,5323
2018-09-21,1355,5323
2018-09-22,1355,5323
2018-09-23,1090,5206
2018-09-24,1090,5206
2018-09-25,1090,5206
2018-09-26,1090,5206
2018-09-27,1090,5206
2018-09-28,1090,5206
2018-09-29,1090,5206
2018-09-30,1090,5206
2018-10-01,1090,5206
2018-10-02,1090,5206
2018-10-03,1090,5206
2018-10-04,1090,5206
2018-10-05,1090,5206
2018-10-06,1090,5206
2018-10-07,804,4038
2018-10-08,804,4038
2018-10-09,804,4038
2018-10-10,804,4038
2018-10-11,804,4038
2018-10-12,804,4038
2018-10-13,804,4038
2018-10-14,804,4038
2018-10-15,804,4038
2018-10-16,804,4038
2018-10-17,804,4038
2018-10-18,804,4038
2018-10-19,804,4038
2018-10-20,804,4038
2018-10-21,690,2823
2018-10-22,690,2823
2018-10-23,690,2823
2018-10-24,690,2823
2018-10-25,690,2823
2018-10-26,690,2823
2018-10-27,690,2823
2018-10-28,690,2823
2018-10-29,690,2823
2018-10-30,690,2823
2018-10-31,690,2823
2018-11-01,690,2823
2018-11-02,690,2823
2018-11-03,690,2823
2018-11-04,647,2282
2018-11-05,647,2282
2018-11-06,647,2282
2018-11-07,647,2282
2018-11-08,647,2282
2018-11-09,647,2282
2018-11-10,647,2282
2018-11-11,647,2282
2018-11-12,647,2282
2018-11-13,647,2282
2018-11-14,647,2282
2018-11-15,647,2282
2018-11-16,647,2282
2018-11-17,647,2282
2018-11-18,555,2397
2018-11-19,555,2397
2018-11-20,555,2397
2018-11-21,555,2397
2018-11-22,555,2397
2018-11-23,555,2397
2018-11-24,555,2397
2018-11-25,555,2397
2018-11-26,555,2397
2018-11-27,555,2397
2018-11-28,555,2397
2018-11-29,555,2397
2018-11-30,555,2397
2018-12-01,555,2397
2018-12-02,802,2752
2018-12-03,802,2752
2018-12-04,802,2752
2018-12-05,802,2752
2018-12-06,802,2752
2018-12-07,802,2752
2018-12-08,802,2752
2018-12-09,802,2752
2018-12-10,802,2752
2018-12-11,802,2752
2018-12-12,802,2752
2018-12-13,802,2752
2018-12-14,802,2752
2018-12-15,802,2752
2018-12-16,802,2752
2018-12-17,802,2752
2018-12-18,802,2752
2018-12-19,802,2752
2018-12-20,802,2752
2018-12-21,802,2752
2018-12-22,802,2752
2018-12-23,802,2752
2018-12-24,802,2752
2018-12-25,802,2752
2018-12-26,802,2752
2018-12-27,802,2752
2018-12-28,802,2752
2018-12-29,802,2752
2018-12-30,802,2752
2018-12-31,802,2752
2019-01-01,802,2752
2019-01-02,802,2752
2019-01-03,802,2752
2019-01-04,802,2752
2019-01-05,802,2752
2019-01-06,802,2752
2019-01-07,802,2752
2019-01-08,802,2752
2019-01-09,802,2752
2019-01-10,802,2752
2019-01-11,802,2752
2019-01-12,802,2752
2019-01-13,802,2752
2019-01-14,1332,3928
2019-01-15,1332,3928
2019-01-16,1332,3928
2019-01-17,1332,3928
2019-01-18,1332,3928
2019-01-19,1332,3928
2019-01-20,1332,3928
2019-01-21,1332,3928
2019-01-22,1332,3928
2019-01-23,1332,3928
2019-01-24,1332,3928
2019-01-25,1332,3928
2019-01-26,1332,3928
2019-01-27,1332,3928
2019-01-28,752,2502
2019-01-29,752,2502
2019-01-30,752,2502
2019-01-31,752,2502
2019-02-01,752,2502
2019-02-02,752,2502
2019-02-03,752,2502
2019-02-04,752,2502
2019-02-05,752,2502
2019-02-06,752,2502
2019-02-07,752,2502
2019-02-08,752,2502
2019-02-09,752,2502
2019-02-10,752,2502
2019-02-11,1099,3238
2019-02-12,1099,3238
2019-02-13,1099,3238
2019-02-14,1099,3238
2019-02-15,1099,3238
2019-02-16,1099,3238
2019-02-17,1099,3238
2019-02-18,1099,3238
2019-02-19,1099,3238
2019-02-20,1099,3238
2019-02-21,1099,3238
2019-02-22,1099,3238
2019-02-23,1099,3238
2019-02-24,1099,3238
2019-02-25,940,3193
2019-02-26,940,3193
2019-02-27,940,3193
2019-02-28,940,3193
2019-03-01,940,3193
2019-03-02,940,3193
2019-03-03,940,3193
2019-03-04,940,3193
2019-03-05,940,3193
2019-03-06,940,3193
2019-03-07,940,3193
2019-03-08,940,3193
2019-03-09,940,3193
2019-03-10,940,3193
2019-03-11,1033,3502
2019-03-12,1033,3502
2019-03-13,1033,3502
2019-03-14,1033,3502
2019-03-15,1033,3502
2019-03-16,1033,3502
2019-03-17,1033,3502
2019-03-18,1033,3502
2019-03-19,1033,3502
2019-03-20,1033,3502
2019-03-21,1033,3502
2019-03-22,1033,3502
2019-03-23,1033,3502
2019-03-24,1033,3502
2019-03-25,1033,3502
2019-03-26,1033,3502
2019-03-27,1033,3502
2019-03-28,1033,3502
2019-03-29,1033,3502
2019-03-30,1033,3502
2019-03-31,1033,3502
2019-04-01,1033,3502
2019-04-02,1033,3502
2019-04-03,1033,3502
2019-04-04,1033,3502
2019-04-05,1033,3502
2019-04-06,1033,3502
2019-04-07,1033,3502
2019-04-08,1704,6301
2019-04-09,1704,6301
2019-04-10,1704,6301
2019-04-11,1704,6301
2019-04-12,1704,6301
2019-04-13,1704,6301
2019-04-14,1704,6301
2019-04-15,1704,6301
2019-04-16,1704,6301
2019-04-17,1704,6301
2019-04-18,1704,6301
2019-04-19,1704,6301
2019-04-20,1704,6301
2019-04-21,1704,6301
2019-04-22,1083,5550
2019-04-23,1083,5550
2019-04-24,1083,5550
2019-04-25,1083,5550
2019-04-26,1083,5550
2019-04-27,1083,5550
2019-04-28,1083,5550
2019-04-29,1083,5550
2019-04-30,1083,5550
2019-05-01,1083,5550
2019-05-02,1083,5550
2019-05-03,1083,5550
2019-05-04,1083,5550
2019-05-05,1083,5550
2019-05-06,1075,7026
2019-05-07,1075,7026
2019-05-08,1075,7026
2019-05-09,1075,7026
2019-05-10,1075,7026
2019-05-11,1075,7026
2019-05-12,1075,7026
2019-05-13,1075,7026
2019-05-14,1075,7026
2019-05-15,1075,7026
2019-05-16,1075,7026
2019-05-17,1075,7026
2019-05-18,1075,7026
2019-05-19,1075,7026
2019-05-20,1513,12114
2019-05-21,1513,12114
2019-05-22,1513,12114
2019-05-23,1513,12114
2019-05-24,1513,12114
2019-05-25,1513,12114
2019-05-26,1513,12114
2019-05-27,1513,12114
2019-05-28,1513,12114
2019-05-29,1513,12114
2019-05-30,1513,12114
2019-05-31,1513,12114
2019-06-01,1513,12114
2019-06-02,1513,12114
2019-06-03,2222,15800
2019-06-04,2222,15800
2019-06-05,2222,15800
2019-06-06,2222,15800
2019-06-07,2222,15800
2019-06-08,2222,15800
2019-06-09,2222,15800
2019-06-10,2222,15800
2019-06-11,2222,15800
2019-06-12,2222,15800
2019-06-13,2222,15800
2019-06-14,2222,15800
2019-06-15,2222,15800
2019-06-16,2222,15800
2019-06-17,4047,22175
2019-06-18,4047,22175
2019-06-19,4047,22175
2019-06-20,4047,22175
2019-06-21,4047,22175
2019-06-22,4047,22175
2019-06-23,4047,22175
2019-06-24,4047,22175
2019-06-25,4047,22175
2019-06-26,4047,22175
2019-06-27,4047,22175
2019-06-28,4047,22175
2019-06-29,4047,22175
2019-06-30,4047,22175
2019-07-01,5248,26307
2019-07-02,5248,26307
2019-07-03,5248,26307
2019-07-04,5248,26307
2019-07-05,5248,26307
2019-07-06,5248,26307
2019-07-07,5248,26307
2019-07-08,5248,26307
2019-07-09,5248,26307
2019-07-10,5248,26307
2019-07-11,5248,26307
2019-07-12,5248,26307
2019-07-13,5248,26307
2019-07-14,5248,26307
2019-07-15,4941,25712
2019-07-16,4941,25712
2019-07-17,4941,25712
2019-07-18,4941,25712
2019-07-19,4941,25712
2019-07-20,4941,25712
2019-07-21,4941,25712
2019-07-22,4941,25712
2019-07-23,4941,25712
2019-07-24,4941,25712
2019-07-25,4941,25712
2019-07-26,4941,25712
2019-07-27,4941,25712
2019-07-28,4941,25712
2019-07-29,7939,24426
2019-07-30,7939,24426
2019-07-31,7939,24426
2019-08-01,7939,24426
2019-08-02,7939,24426
2019-08-03,7939,24426
2019-08-04,7939,24426
2019-08-05,7939,24426
2019-08-06,7939,24426
2019-08-07,7939,24426
2019-08-08,7939,24426
2019-08-09,7939,24426
2019-08-10,7939,24426
2019-08-11,7939,24426
2019-08-12,8725,21817
2019-08-13,8725,21817
2019-08-14,8725,21817
2019-08-15,8725,21817
2019-08-16,8725,21817
2019-08-17,8725,21817
2019-08-18,8725,21817
2019-08-19,8725,21817
2019-08-20,8725,21817
2019-08-21,8725,21817
2019-08-22,8725,21817
2019-08-23,8725,21817
2019-08-24,8725,21817
2019-08-25,8725,21817
2019-08-26,9035,25788
2019-08-27,9035,25788
2019-08-28,9035,25788
2019-08-29,9035,25788
2019-08-30,9035,25788
2019-08-31,9035,25788
2019-09-01,9035,25788
2019-09-02,9035,25788
2019-09-03,9035,25788
2019-09-04,9035,25788
2019-09-05,9035,25788
2019-09-06,9035,25788
2019-09-07,9035,25788
2019-09-08,9035,25788
2019-09-09,6266,19705
2019-09-10,6266,19705
2019-09-11,6266,19705
2019-09-12,6266,19705
2019-09-13,6266,19705
2019-09-14,6266,19705
2019-09-15,6266,19705
2019-09-16,6266,19705
2019-09-17,6266,19705
2019-09-18,6266,19705
2019-09-19,6266,19705
2019-09-20,6266,19705
2019-09-21,6266,19705
2019-09-22,6266,19705
2019-09-23,4340,12920
2019-09-24,4340,12920
2019-09-25,4340,12920
2019-09-26,4340,12920
2019-09-27,4340,12920
2019-09-28,4340,12920
2019-09-29,4340,12920
2019-09-30,4340,12920
2019-10-01,4340,12920
2019-10-02,4340,12920
2019-10-03,4340,12920
2019-10-04,4340,12920
2019-10-05,4340,12920
2019-10-06,4340,12920
2019-10-07,1503,5701
2019-10-08,1503,5701
2019-10-09,1503,5701
2019-10-10,1503,5701
2019-10-11,1503,5701
2019-10-12,1503,5701
2019-10-13,1503,5701
2019-10-14,1503,5701
2019-10-15,1503,5701
2019-10-16,1503,5701
2019-10-17,1503,5701
2019-10-18,1503,5701
2019-10-19,1503,5701
2019-10-20,1503,5701
2019-10-21,667,2870
2019-10-22,667,2870
2019-10-23,667,2870
2019-10-24,667,2870
2019-10-25,667,2870
2019-10-26,667,2870
2019-10-27,667,2870
2019-10-28,667,2870
2019-10-29,667,2870
2019-10-30,667,2870
2019-10-31,667,2870
2019-11-01,667,2870
2019-11-02,667,2870
2019-11-03,667,2870
2019-11-04,349,1885
2019-11-05,349,1885
2019-11-06,349,1885
2019-11-07,349,1885
2019-11-08,349,1885
2019-11-09,349,1885
2019-11-10,349,1885
2019-11-11,349,1885
2019-11-12,349,1885
2019-11-13,349,1885
2019-11-14,349,1885
2019-11-15,349,1885
2019-11-16,349,1885
2019-11-17,349,1885
2019-11-18,349,1885
2019-11-19,349,1885
2019-11-20,349,1885
2019-11-21,349,1885
2019-11-22,349,1885
2019-11-23,349,1885
2019-11-24,349,1885
2019-11-25,349,1885
2019-11-26,349,1885
2019-11-27,349,1885
2019-11-28,349,1885
2019-11-29,349,1885
2019-11-30,349,1885
2019-12-01,349,1885
2019-12-02,301,1662
